-- MySQL dump 10.13  Distrib 5.7.9, for Win64 (x86_64)
--
-- Host: 163.18.42.141    Database: db_lic
-- ------------------------------------------------------
-- Server version	5.5.47-0ubuntu0.14.04.1

/*!40101 SET @OLD_CHARACTER_SET_CLIENT=@@CHARACTER_SET_CLIENT */;
/*!40101 SET @OLD_CHARACTER_SET_RESULTS=@@CHARACTER_SET_RESULTS */;
/*!40101 SET @OLD_COLLATION_CONNECTION=@@COLLATION_CONNECTION */;
/*!40101 SET NAMES utf8 */;
/*!40103 SET @OLD_TIME_ZONE=@@TIME_ZONE */;
/*!40103 SET TIME_ZONE='+00:00' */;
/*!40014 SET @OLD_UNIQUE_CHECKS=@@UNIQUE_CHECKS, UNIQUE_CHECKS=0 */;
/*!40014 SET @OLD_FOREIGN_KEY_CHECKS=@@FOREIGN_KEY_CHECKS, FOREIGN_KEY_CHECKS=0 */;
/*!40101 SET @OLD_SQL_MODE=@@SQL_MODE, SQL_MODE='NO_AUTO_VALUE_ON_ZERO' */;
/*!40111 SET @OLD_SQL_NOTES=@@SQL_NOTES, SQL_NOTES=0 */;

--
-- Table structure for table `book`
--

DROP TABLE IF EXISTS `book`;
/*!40101 SET @saved_cs_client     = @@character_set_client */;
/*!40101 SET character_set_client = utf8 */;
CREATE TABLE `book` (
  `barcode` varchar(14) NOT NULL,
  `idbook` varchar(45) NOT NULL DEFAULT '',
  `bName` varchar(45) NOT NULL,
  `author` varchar(45) NOT NULL,
  `publisher` varchar(45) NOT NULL,
  `ISBN` varchar(13) NOT NULL,
  `CD` varchar(1) NOT NULL,
  `state` varchar(1) DEFAULT NULL,
  PRIMARY KEY (`barcode`)
) ENGINE=InnoDB DEFAULT CHARSET=utf8;
/*!40101 SET character_set_client = @saved_cs_client */;

--
-- Dumping data for table `book`
--

LOCK TABLES `book` WRITE;
/*!40000 ALTER TABLE `book` DISABLE KEYS */;
INSERT INTO `book` VALUES ('31000000024763','314.1 4460  v.1','微積分 : 數學分析導引','華羅庚','凡異出版','9576941377','0','1'),('31000000118615','413 0021','大眾中醫藥','高岐臻','明窗','9623577753','0','1'),('31000000136484','413 2242-3','養生保健篇','岑鶴齡','臺灣珠海出版','957657014X','0','1'),('31000000136492','413 2242-2','奇難雜症篇','岑鶴齡','臺灣珠海出版','9576570158','0','1'),('31000000554868','413 4010 1996','不吃藥養生法','李政育','元氣齋出版','9578552416','0','1'),('31000000589567','413 4725 1998','藥草的祕密 : 毛大夫的快活療法','胡德成','時報文化','9571325287','0','1'),('31000000623937','413 4422 1998','自學中醫必讀','蕭偉傑','元氣齋','9578552815','0','1'),('31000000645914','413 3090 1996','命理醫學匯通','宋榮章','漢宇','9577002412','0','1'),('31000000712029','413 7568 1998','戰勝疾病保健康','陳旺全','元氣齋','957855298X','0','1'),('31000000742976','413 1069 1999','中醫是怎樣治病的','王明輝','旺文社','9575085337','0','1'),('31000000743446','857.7 5754 1999','晚娘病毒','蝴蝶','資策會出版','9575810686','0','1'),('31000000865447','873.57 6044b v.1 2000','哈利波特. 神祕的魔法石','羅琳(J. K. Rowling)','皇冠文化','9573317249','0','1'),('31000000895485','873.57 6044b 2000','哈利波特. 消失的密室','羅琳(J. K. Rowling)','皇冠文化','9573317583','0','1'),('31000001014938','413 4636 2000','東方醫學智慧','堀田宗路','林鬱文化','9577548040','0','1'),('31000001033987','413 0034 2000','實用中醫美容','高宗桂','知音','9579101752','0','1'),('31000001039307','873.57 6044b v.3 2001','哈利波特. 阿茲卡班的逃犯','羅琳(J. K. Rowling)','皇冠文化','9573318008','0','1'),('31000001062507','312.91695 1012 2001','CSS動態網頁應用與開發手冊','王天利','知城數位科技','9570435437','1','0'),('31000001141673','314.1 2444 2000','微積分之旅','伯林斯基(David Berlinski)','天下遠見','9576217180','0','1'),('31000001184954','413 1796 1996','自學中醫祕笈','孟恆昌','元氣齋','9578552505','0','1'),('31000001187908','857.7 5754 2001','可愛的情人','蝴蝶','文房出版','9573046008','0','1'),('31000001229080','413 0114 1998  v.1','中藥學','顏正華','知音','9579101183','0','1'),('31000001229081','413 0114 1998  v.2','中藥學','顏正華','知音','9579101183','0','1'),('31000001284309','805.189 6400 2002','多益考試學習大全 : 英語認證測驗標準版','貝塔語言編輯群','貝塔','9577292259','1','0'),('31000001402448','873.57 6044b 2003  v.1','哈利波特. 鳳凰會的密令','羅琳(J. K. Rowling)','皇冠文化','9573319861','0','1'),('31000001408031','312.932J41 4422-1 2004','JSP 2.0技術手冊','林上傑, 林康司','碁峰資訊','9864215116','1','1'),('31000001493298','312.91695 4842 2004','HTML & ASP完美的演繹','松橋工作室','知城數位科技','9867489233','1','1'),('31000001581829','312.91695 3088 2004','CSS網頁設計師手札 : 101個您一定會遇到的問題與解答','Rachel Andrew','上奇科技','9867529758','0','0'),('31000001583361','312.9754 7737 2004','PHP 5網路資料庫程式大全','邱兆民等','知城數位科技','9867489179','1','1'),('31000001638090','873.57 6044b v.6 2005','哈利波特. 混血王子的背叛','羅琳(J. K. Rowling)','皇冠文化','9573321742','0','0'),('31000001660763','873.57 6044b v.4 2001','哈利波特. 火盃的考驗','羅琳(J. K. Rowling)','皇冠文化','9573318318','0','1'),('31000001660938','857.83 4051 2005  v.1','獵命師傳奇 I','九把刀','蓋亞出版','9789867450203','0','1'),('31000001660946','857.83 4051 2005  v.2','獵命師傳奇 II','九把刀','蓋亞出版','9789867450210','0','1'),('31000001664674','312.974 4114 2005','資料庫系統原理','艾爾瑪斯利 (Elmasri, Ramez)','臺灣培生教育','9861542205','0','1'),('31000001677940','857.83 4051 2005  v.3','獵命師傳奇 III','九把刀','蓋亞出版','9789867450289','0','1'),('31000001677957','857.83 4051 2005  v.4','獵命師傳奇 IV','九把刀','蓋亞出版','9789867450296','0','1'),('31000001677965','857.83 4051 2005  v.5','獵命師傳奇 V','九把刀','蓋亞出版','9789867450364','0','1'),('31000001677973','857.83 4051 2005  v.6','獵命師傳奇 VI','九把刀','蓋亞出版','9789867450371','0','1'),('31000001681603','857.83 4051 2005  v.7','獵命師傳奇 VII','九把刀','蓋亞出版','9789867450494','0','1'),('31000001820615','413 4413 2004','中醫入門一學就通','林政宏','智林文化','9789867792129','0','1'),('31000001820995','413 2646 2004','永遠年輕 : 跨越身體障害,永保健康美麗','吳松圃','亞鉞出版','9789572974544','0','1'),('31000001821795','413 0747 2004','大腦開濶的藝術 : 智能醫學','郭志辰','良辰','9789579751766','0','1'),('31000001830507','314.1 5740 2006  v.1','微積分 : 精華版','賴森(Ron Larson), 愛德華茲(Bruce H. Edwards)','學銘圖書','9868200326','0','1'),('31000001831174','312.949I38 1117 2006','Illustrator創意技法與動畫應用','張予, 尤特, 李剛','上奇科技','9867199693','1','1'),('31000001868523','857.83 4051 2005  v.10','獵命師傳奇 X','九把刀','蓋亞出版','9789867450715','0','1'),('31000001883837','857.83 4051 2005  v.8','獵命師傳奇 VIII','九把刀','蓋亞出版','9789867450500','0','1'),('31000001883845','857.83 4051 2005  v.9','獵命師傳奇 IX','九把刀','蓋亞出版','9789867450708','0','0'),('31000001893232','312.932J41 4402a 2007','JSP動態網頁實務','黃文泉, 吳目誠','網奕資訊科技','9789866879326','1','1'),('31000001898132','857.7 5754-3 2008','我的曙光女神','蝴蝶','春光出版','9789866822858','0','1'),('31000001898421','857.83 4051 2005  v.14','獵命師傳奇 XIV','九把刀','蓋亞出版','9789866815744','0','1'),('31000001898439','857.83 4051 2005  v.13','獵命師傳奇 XIII','九把刀','蓋亞出版','9789866815447','0','1'),('31000001902918','312.974 7583-1 2006','[新觀念]資料庫系統 : 理論與設計實務','陳會安','學貫行銷','9789867198754','1','1'),('31000001918229','873.57 6044b 2007  v.1','哈利波特. 死神的聖物','羅琳(J. K. Rowling)','皇冠文化','9789573323570','0','1'),('31000001918724','805.1894 1180 2007','新多益單字簡單到不行','張慈庭','捷徑文化','9789866763069','0','1'),('31000001926768','312.91695 4044a-3 2007','最新詳解JavaScript & HTML & CSS語法辭典','大藤幹, 半場方人','博碩文化','9789862010716','1','1'),('31000001985343','857.83 5754 2007  v.1','禁咒師 I','蝴蝶','雅書堂出版','9789867085399','0','1'),('31000001985350','857.83 5754 2007  v.2','禁咒師 II','蝴蝶','雅書堂出版','9789867085511','0','1'),('31000001985368','857.83 5754 2007  v.3','禁咒師 III','蝴蝶','雅書堂出版','9789867085535','0','1'),('31000001988974','312.91695 7724 2007','CSS設計大師 : 進階網頁標準化設計指南','Andy Budd, Cameron Moll, Simon Collison','碁峰資訊','9789861811352','0','1'),('31000001990053','312.9754 1020 2005','PHP 5 & MySQL資料庫網站輕鬆架','王仲麒','碁峰資訊','9789864217557','1','1'),('31000001990897','805.1894 4710-2 2007','TOEIC多益文法990分徹底攻略','胡平','漢宇國際文化','9789866966446','0','1'),('31000002010166','805.1894 6082 2007','TOEIC多益全真試題','易說館編輯部','日月文化','9789866823251','0','1'),('31000002017559','857.83 5754 2007  v.4','禁咒師 IV','蝴蝶','雅書堂出版','9789867085665','0','1'),('31000002017567','857.83 5754 2007  v.5','禁咒師 V','蝴蝶','雅書堂出版','9789867085757','0','1'),('31000002017732','857.83 5754 2007  v.6','禁咒師 VI','蝴蝶','雅書堂出版','9789867085863','0','1'),('31000002059536','857.83 4051 2005  v.11','獵命師傳奇 XI','九把刀','蓋亞出版','9789867450944','0','1'),('31000002059544','857.83 4051 2005  v.12','獵命師傳奇 XII','九把刀','蓋亞出版','9789866815034','0','1'),('31000002067026','312.32J41 4643 2008','JavaScript : 優良部份','Douglas Crockford','歐萊禮','9789866840272','0','1'),('31000002068446','312.949I38 0841-1 2008','Illustrator點子爆米花','MdN編集部','旗標','9789574424160','1','1'),('31000002068453','312.91695 4031a-1 2008','CSS設計點子爆米花','MdN編輯部','旗標','9789574425754','0','1'),('31000002069048','857.7 5754-6 2007','上邪之我的魔獸老爸','蝴蝶','雅書堂出版','9867085833','0','1'),('31000002069055','857.7 5754-5 2007','上邪之有隻帥哥在我家','蝴蝶','雅書堂出版','9867085825','0','1'),('31000002069295','857.7 5754-4  v.3 2008','歿世錄 III','蝴蝶','雅書堂出版','9789866648403','0','1'),('31000002069303','857.7 5754-4  v.2    2008','歿世錄 II','蝴蝶','雅書堂出版','9789866648229','0','1'),('31000002084898','312.9837 5413 2004  v.1','PHOTOSHOP & HTML<<隨手查>>','哲也研究室','再生','9789572991336','1','1'),('31000002094707','857.83 5754 2007  v.7','禁咒師 VII','蝴蝶','雅書堂出版','9789867085962','0','1'),('31000002112160','857.7 5754-2 2008','愛情躲貓貓','蝴蝶','雅書堂出版','9789867085917','0','1'),('31000002174525','857.7 5754-4  v.1    2008','歿世錄 I','蝴蝶','雅書堂出版','9789866648069','0','1'),('31000002200429','805.1894 5711 2009','多益一路通','賴翠玲,劉中','文鶴','9789861472836','1','1'),('31000002202565','312.7565 8031-1 2010','資料庫系統應用實務 : SQL Server 2008版','曾守正','華泰總經銷','9789574169603','1','1'),('31000002202573','312.7565 8031 2010','資料庫系統理論與實務 : SQL Server 2008版','曾守正','華泰總經銷','9789574169610','1','1'),('31000002266131','857.7 5754-7 2009  v.1','荒厄 I','蝴蝶','雅書堂出版','9789866648588','0','1'),('31000002266149','857.7 5754-7 2009  v.2','荒厄 II','蝴蝶','雅書堂出版','9789866648663','0','1'),('31000002266156','857.7 5754-7 2009  v.3','荒厄 III','蝴蝶','雅書堂出版','9789866648694','0','1'),('31000002266164','857.7 5754-7 2009  v.4','荒厄 IV','蝴蝶','雅書堂出版','9789866648755','0','1'),('31000002292756','857.7 5754-8 2009','血族與我','蝴蝶','雅書堂出版','9789866648809','0','1'),('31000002301086','413 2772a 2010','不上火的生活','佟彤','原水文化出版','9789866379192','0','1'),('31000002304759','312.754 2402 2010','PHP 6動態網頁入門實務','位元文化','統一元氣資產管理','9789866482977','1','1'),('31000002388646','312.932J3 9825 2001','最新JSP入門與應用','榮欽科技主筆室','松崗','9789572235430','0','1'),('31000004001395','312.837 4622 2010','photoshop CS5完美呈現 : 頂尖數位攝影師秘技大公開!','Scott Kelby','碁峰資訊','9789862760741','0','1'),('31000004001916','312.837 4424 2011','Photoshop CS5商業廣告設計精粹','蔡德勒','松崗資產管理','9789572238974','1','1'),('31000004008531','312.949I38 7141 2011','Illustrator CS4創意設計的16堂課','馬志玲','易習圖書','9789866154683','1','1'),('31000004017953','857.83 4051 2005  v.15','獵命師傳奇 XV','九把刀','蓋亞出版','9789866473296','0','1'),('31000004017961','857.83 4051 2005  v.16','獵命師傳奇 XVI','九把刀','蓋亞出版','9789866473524','0','1'),('31000004017979','857.83 4051 2005  v.17','獵命師傳奇 XVII','九把刀','蓋亞出版','9789866157127','0','1'),('31000004030220','312.837 4400 2010','Photoshop CS5','蕭立文','上奇資訊','9789862570876','1','1'),('31000004120625','805.1895 4027 2010','多益大進擊','李(Jim Lee),Pak Byungiae','書林','9789574453436','0','1'),('31000004128024','312.32J3 4423 2011','Servlet & JSP教學手冊','林信良','碁峰資訊','9789862762868','0','1'),('31000004144674','857.83 4051 2005  v.18','獵命師傳奇 XVIII','九把刀','蓋亞出版','9789866157431','0','1'),('31000004145515','312.1695 1174 2012','HTML& CSS : 網站設計建置優化之道','張雅芳','碁峰資訊','9789862765012','0','1'),('31000004212984','857.83 4051 2005  v.19','獵命師傳奇 XIX','九把刀','蓋亞出版','9789863190042','0','1'),('31000004217587','312.49I38 0104-1 2012','跟Adobe徹底研究Illustrator CS6','Adobe Creative Team','上奇資訊','9789862575208','1','1'),('31000004217595','312.837 1211 2012','跟Adobe徹底研究Fireworks CS6','Adobe Creative Team','上奇資訊','9789862757543','1','1'),('31000004218239','477.22029 2819 2012','跟Adobe徹底研究InDesign CS6','Adobe Creative Team','上奇資訊','9789862575178','1','1'),('31000004218247','312.8 2819-1 2012','跟Adobe徹底研究Premiere Pro CS6','Adobe Creative Team','上奇資訊','9789862575215','1','1'),('31000004218254','312.837 3114-2 2012','跟Adobe徹底研究Photoshop CS6','Adobe Creative Team','上奇資訊','9789862574850','1','1'),('31000004219609','312.98 6044-1 2012','跟Adobe徹底研究Flash Professional CS6','Adobe Creative Team','上奇資訊','9789862574867','1','1'),('31000004223809','192.1 1027 2012','放下的力量','王佑驊','商周出版','9789862722954','0','1'),('31000004280312','173.7 7540 2013','深層讀心術 : 從交談觀察人心','陳柏彰','讀品文化','9789866070792','0','1'),('31000004280643','627.6 8034-1 2011','百年前的巨變 : 晚清帝國崩潰的三十二個細節','金滿樓','大旗出版','9789866234170','0','1'),('31000004280692','224.515 4423 2013','沒有過不去的事情,只有過不去的心情','黃維寧','大拓文化','9789865886134','0','1'),('31000004280833','413.11 7231 2013','讀<<黃帝內經>>醫身 : 從古至今老祖宗就是這樣祛病養生','劉憲平','知靑頻道出版','9789866030611','0','1'),('31000004280841','413.241 6092 2013','圖解從掌紋看健康 : 看就懂,學就會','羅小衛','俊嘉文化','9789866080562','0','1'),('31000004280890','413.21 7562 2013','圖解老中醫養生與診療智慧 : <<黃帝內經>>的中醫應用','陳映山','華威國際出版','9789865942366','0','1'),('32000000550873','005.2762 D325a 2010','JavaScript for programmers','Paul J. Deitel, Harvey M. Deitel.','Prentice Hall','9780137001316','0','1');
/*!40000 ALTER TABLE `book` ENABLE KEYS */;
UNLOCK TABLES;

--
-- Table structure for table `list`
--

DROP TABLE IF EXISTS `list`;
/*!40101 SET @saved_cs_client     = @@character_set_client */;
/*!40101 SET character_set_client = utf8 */;
CREATE TABLE `list` (
  `no` int(10) NOT NULL AUTO_INCREMENT,
  `id` varchar(7) NOT NULL,
  `name` varchar(10) DEFAULT NULL,
  `class` varchar(10) DEFAULT NULL,
  `bName` varchar(45) DEFAULT NULL,
  `barcode` varchar(14) NOT NULL,
  `bor_CD` bit(1) NOT NULL,
  `borrow_time` datetime DEFAULT NULL,
  `return_time` datetime DEFAULT NULL,
  `success` bit(1) NOT NULL,
  PRIMARY KEY (`no`)
) ENGINE=InnoDB AUTO_INCREMENT=13 DEFAULT CHARSET=utf8;
/*!40101 SET character_set_client = @saved_cs_client */;

--
-- Dumping data for table `list`
--

LOCK TABLES `list` WRITE;
/*!40000 ALTER TABLE `list` DISABLE KEYS */;
INSERT INTO `list` VALUES (1,'0024036',NULL,NULL,NULL,'31000000024763','','2013-06-11 14:17:17','2013-06-11 14:41:35',''),(2,'0024032',NULL,NULL,NULL,'31000000743446','','2013-06-11 22:28:03','2013-06-11 22:28:11',''),(3,'1',NULL,NULL,NULL,'31000001581829','\0','2015-12-04 20:39:06','0000-00-00 00:00:00','\0'),(4,'1',NULL,NULL,NULL,'31000000024763','\0','2015-12-04 20:51:29','2015-12-04 20:57:07',''),(5,'1',NULL,NULL,NULL,'31000001638090','\0','2015-12-04 20:55:09','0000-00-00 00:00:00','\0'),(6,'1',NULL,NULL,NULL,'31000000024763','\0','2015-12-04 20:57:14','2016-02-25 20:11:34',''),(7,'1',NULL,NULL,NULL,'31000000118615','\0','2015-12-04 20:57:24','2016-02-25 20:11:36',''),(8,'1',NULL,NULL,NULL,'31000000136484','\0','2015-12-04 20:57:32','2016-02-25 20:11:29',''),(9,'1',NULL,NULL,NULL,'31000004008531','','2015-12-04 20:59:50','2015-12-04 21:28:29',''),(10,'1',NULL,NULL,NULL,'31000001284309','','2015-12-04 21:25:05','0000-00-00 00:00:00','\0'),(11,'1',NULL,NULL,NULL,'31000001883845','\0','2015-12-04 21:28:22','0000-00-00 00:00:00','\0'),(12,'1',NULL,NULL,NULL,'31000001062507','','2016-03-15 22:25:44','0000-00-00 00:00:00','\0');
/*!40000 ALTER TABLE `list` ENABLE KEYS */;
UNLOCK TABLES;

--
-- Table structure for table `member`
--

DROP TABLE IF EXISTS `member`;
/*!40101 SET @saved_cs_client     = @@character_set_client */;
/*!40101 SET character_set_client = utf8 */;
CREATE TABLE `member` (
  `id` varchar(45) NOT NULL,
  `name` varchar(45) NOT NULL,
  `passwd` varchar(45) NOT NULL,
  `class` varchar(10) NOT NULL,
  `sex` varchar(1) NOT NULL,
  `email` varchar(45) NOT NULL,
  `tel` varchar(45) NOT NULL,
  PRIMARY KEY (`id`)
) ENGINE=InnoDB DEFAULT CHARSET=utf8;
/*!40101 SET character_set_client = @saved_cs_client */;

--
-- Dumping data for table `member`
--

LOCK TABLES `member` WRITE;
/*!40000 ALTER TABLE `member` DISABLE KEYS */;
INSERT INTO `member` VALUES ('0024032','王俞文','0024032','資2B','女','u0024032@nkfust.edu.tw','0928'),('0024036','莊雲皓','0024036','資2B','男','u0024036@nkfust.edu.tw','0934'),('0024039','張政鴻','0024039','資2A','男','u0024039@nkfust.edu.tw','0932'),('0024042','吳啟維','0024042','資2B','男','u0024042@nkfust.edu.tw','0922'),('0024044','黃玟寧','0024044','資2B','女','u0024044@nkfust.edu.tw','0912'),('1','1','1','1','男','1@1.1','1');
/*!40000 ALTER TABLE `member` ENABLE KEYS */;
UNLOCK TABLES;
/*!40103 SET TIME_ZONE=@OLD_TIME_ZONE */;

/*!40101 SET SQL_MODE=@OLD_SQL_MODE */;
/*!40014 SET FOREIGN_KEY_CHECKS=@OLD_FOREIGN_KEY_CHECKS */;
/*!40014 SET UNIQUE_CHECKS=@OLD_UNIQUE_CHECKS */;
/*!40101 SET CHARACTER_SET_CLIENT=@OLD_CHARACTER_SET_CLIENT */;
/*!40101 SET CHARACTER_SET_RESULTS=@OLD_CHARACTER_SET_RESULTS */;
/*!40101 SET COLLATION_CONNECTION=@OLD_COLLATION_CONNECTION */;
/*!40111 SET SQL_NOTES=@OLD_SQL_NOTES */;

-- Dump completed on 2016-03-31 22:16:19
